Model,AUC
Logistic Regression,0.8743509865005191
Random Forest,0.8608947732779508
XGBoost,0.8553997923156802
Gradient Boosting,0.8406022845275183
